{
	"format_version": "1.8.0",
	"animations": {
		"animation.dwarf_illager.melee_attack": {
			"animation_length": 1.25,
			"bones": {
				"waist": {
					"rotation": {
						"0.0": [
							0,
							0,
							0
						],
						"0.125": [
							10,
							0,
							0
						],
						"0.75": [
							-10,
							0,
							0
						],
						"0.9167": [
							-15,
							0,
							0
						],
						"1.0": [
							27.5,
							0,
							0
						],
						"1.25": [
							0,
							0,
							0
						]
					}
				},
				"leftarm": {
					"rotation": {
						"0.0": [
							0,
							0,
							0
						],
						"0.125": [
							"-60+this",
							0,
							0
						],
						"0.9167": [
							"-219.7578+this",
							"4.813+this",
							5.7589
						],
						"1.0": [
							"-69.3092+this",
							"-2.5657+this",
							-8.91877
						],
						"1.25": [
							0,
							0,
							0
						]
					}
				},
				"rightarm": {
					"rotation": {
						"0.0": [
							0,
							0,
							0
						],
						"0.125": [
							"-60+this",
							0,
							0
						],
						"0.9167": [
							"-219.0250435246+this",
							"-9.5765785156+this",
							-11.59948
						],
						"1.0": [
							"-69.3161357145+this",
							"2.1123504299+this",
							-7.15291
						],
						"1.25": [
							0,
							0,
							0
						]
					}
				},
				"leftLeg": {
					"rotation": {
						"0.0": [
							0,
							0,
							0
						],
						"0.5": [
							"12.5+this",
							0,
							0
						],
						"1.0": [
							"7.5+this",
							0,
							0
						],
						"1.25": [
							0,
							0,
							0
						]
					},
					"position": {
						"0.0": [
							0,
							0,
							0
						],
						"0.5": [
							0,
							0,
							1
						],
						"0.8333": [
							0,
							0.33,
							1
						],
						"1.0": [
							0,
							-1,
							1
						],
						"1.25": [
							0,
							0,
							0
						]
					}
				},
				"rightLeg": {
					"rotation": {
						"0.0": [
							0,
							0,
							0
						],
						"0.5": [
							"-20+this",
							0,
							0
						],
						"0.9167": [
							"-17.5+this",
							0,
							0
						],
						"1.0": [
							"2.5+this",
							0,
							0
						],
						"1.25": [
							0,
							0,
							0
						]
					},
					"position": {
						"0.0": [
							0,
							0,
							0
						],
						"0.5": [
							0,
							0,
							-1
						],
						"0.9167": [
							0,
							-1,
							-1
						],
						"1.0": [
							0,
							-1,
							1
						],
						"1.25": [
							0,
							0,
							0
						]
					}
				}
			}
		}
	}
}