{
	"format_version": "1.8.0",
	"animations": {
		"animation.elephant_illager.attack": {
			"loop": true,
			"animation_length": 1,
			"bones": {
				"head": {
					"rotation": {
						"0.0": [
							0,
							0,
							0
						],
						"0.375": [
							21.42675,
							-12.8219,
							-25.09527
						],
						"0.5": [
							30.94242,
							-16.88068,
							-33.34943
						],
						"0.5833": [
							-25.66813,
							27.53626,
							32.29968
						],
						"0.75": [
							-28.93803,
							36.97757,
							39.37478
						],
						"0.875": [
							-13.16813,
							27.22119,
							22.16107
						],
						"1.0": [
							0,
							0,
							0
						]
					},
					"position": {
						"0.0": [
							0,
							0,
							0
						],
						"0.375": [
							0,
							0,
							1
						],
						"0.5": [
							0,
							0,
							2
						],
						"0.625": [
							0,
							0,
							-2
						],
						"0.75": [
							-1,
							0,
							-1
						],
						"0.875": [
							0,
							0,
							0
						]
					}
				},
				"voi": {
					"rotation": {
						"0.0": [
							0,
							0,
							0
						],
						"0.375": [
							5,
							0,
							0
						],
						"0.5": [
							5,
							0,
							0
						],
						"0.5833": [
							-19.85108,
							1.72794,
							9.85108
						],
						"0.75": [
							-24.63085,
							3.82162,
							14.3972
						],
						"1.0": [
							0,
							0,
							0
						]
					}
				},
				"voinho": {
					"rotation": {
						"0.0": [
							0,
							0,
							0
						],
						"0.25": [
							5,
							0,
							0
						],
						"0.5": [
							20,
							0,
							0
						],
						"0.5833": [
							-37.5,
							0,
							0
						],
						"0.75": [
							-38.60502,
							17.72091,
							24.60981
						],
						"1.0": [
							0,
							0,
							0
						]
					}
				}
			}
		},
		"animation.elephant_illager.look_at_target": {
			"loop": true,
			"bones": {
				"head": {
					"rotation": [
						"query.target_x_rotation",
						"query.target_y_rotation",
						0
					]
				}
			}
		},
		"animation.elephant_illager.idle": {
			"loop": true,
			"animation_length": 3.375,
			"bones": {
				"voi": {
					"rotation": {
						"1.25": [
							0,
							0,
							0
						],
						"1.5": [
							-10,
							0,
							0
						],
						"1.625": [
							-22.5,
							0,
							0
						],
						"2.0": [
							-35,
							0,
							0
						],
						"2.25": [
							-17.5,
							0,
							0
						],
						"2.5": [
							0,
							0,
							0
						],
						"2.6667": [
							10,
							0,
							0
						],
						"2.7917": [
							-12.5,
							0,
							0
						],
						"2.9167": [
							0,
							0,
							0
						],
						"3.0": [
							0,
							0,
							0
						]
					}
				},
				"voinho": {
					"rotation": {
						"1.25": [
							0,
							0,
							0
						],
						"1.5": [
							-5,
							0,
							0
						],
						"1.625": [
							-30,
							0,
							0
						],
						"2.0": [
							-67.5,
							0,
							0
						],
						"2.25": [
							-27.5,
							0,
							0
						],
						"2.5": [
							20,
							0,
							0
						],
						"2.6667": [
							27.5,
							0,
							0
						],
						"2.7917": [
							-20,
							0,
							0
						],
						"2.9167": [
							5,
							0,
							0
						]
					}
				},
				"left_ear": {
					"rotation": {
						"0.5": [
							0,
							0,
							0
						],
						"0.625": [
							0,
							-17.5,
							0
						],
						"0.8333": [
							0,
							-27.5,
							0
						],
						"1.0833": [
							0,
							5,
							0
						],
						"1.2083": [
							0,
							12.5,
							0
						],
						"1.4167": [
							0,
							0,
							0
						]
					}
				},
				"right_ear": {
					"rotation": {
						"0.5": [
							0,
							0,
							0
						],
						"0.625": [
							0,
							17.5,
							0
						],
						"0.8333": [
							0,
							27.5,
							0
						],
						"1.0833": [
							0,
							5,
							0
						],
						"1.2083": [
							0,
							-12.5,
							0
						],
						"1.4167": [
							0,
							0,
							0
						]
					}
				}
			}
		},
		"animation.elephant_illager.wild_attack": {
			"loop": true,
			"animation_length": 0.1667,
			"bones": {
				"head": {
					"rotation": {
						"0.0": [
							22.5,
							0,
							0
						],
						"0.0833": [
							-25,
							0,
							0
						],
						"0.1667": [
							-35,
							0,
							0
						]
					}
				},
				"voi": {
					"rotation": {
						"0.0": [
							7.5,
							0,
							0
						],
						"0.0833": [
							-27.5,
							0,
							0
						],
						"0.1667": [
							-47.5,
							0,
							0
						]
					}
				},
				"voinho": {
					"rotation": {
						"0.0": [
							27.5,
							0,
							0
						],
						"0.0833": [
							-15,
							0,
							0
						],
						"0.1667": [
							-30,
							0,
							0
						]
					}
				}
			}
		}
	}
}