{
	"format_version": "1.8.0",
	"animations": {
		"animation.fv_musket.first_persopn": {
			"loop": true,
			"bones": {
				"rightItem": {
					"position": [
						-6.61383,
						28.6694,
						2.07912
					]
				},
				"gun": {
					"rotation": [
						98.16248,
						64.00077,
						-39.5911
					],
					"scale": 3
				}
			}
		},
		"animation.fv_musket.first_persopn_empty": {
			"loop": true,
			"bones": {
				"rightItem": {
					"position": [
						-8.23756,
						27.24134,
						-0.22829
					]
				},
				"gun": {
					"rotation": [
						-45.09526,
						43.23739,
						-102.10494
					],
					"position": [
						41.38783,
						19.31221,
						26.96454
					],
					"scale": 3
				}
			}
		},
		"animation.fv_musket.reloading_first_person": {
			"loop": true,
			"animation_length": 4.75,
			"bones": {
				"rightItem": {
					"position": [
						-8.23756,
						27.24134,
						-0.22829
					]
				},
				"gun": {
					"rotation": {
						"0.0": [
							-45.09526,
							43.23739,
							-102.10494
						],
						"0.25": [
							-35.09526,
							43.23739,
							-102.10494
						],
						"0.5": [
							-46.58803,
							24.47002,
							-126.62962
						],
						"0.75": [
							-56.58803,
							24.47002,
							-126.62962
						],
						"1.0": [
							-54.82821,
							21.65142,
							-122.14024
						],
						"2.4583": [
							-54.82821,
							21.65142,
							-122.14024
						],
						"2.5417": [
							-55.82821,
							21.65142,
							-122.14024
						],
						"2.625": [
							-54.82821,
							21.65142,
							-122.14024
						],
						"3.4583": [
							-54.82821,
							21.65142,
							-122.14024
						],
						"3.5417": [
							-55.82821,
							21.65142,
							-122.14024
						],
						"3.625": [
							-54.82821,
							21.65142,
							-122.14024
						],
						"4.25": [
							-54.83,
							21.65,
							-122.14
						],
						"4.75": [
							-45.09526,
							43.23739,
							-102.10494
						]
					},
					"position": {
						"0.0": [
							41.38783,
							19.31221,
							26.96454
						],
						"0.25": [
							41.38783,
							19.31221,
							26.96454
						],
						"0.5": [
							37.15966,
							15.62739,
							20.51464
						],
						"0.75": [
							53.95152,
							32.25238,
							23.11478
						],
						"0.875": [
							52.66829,
							31.04683,
							22.15627
						],
						"4.25": [
							52.67,
							31.05,
							22.16
						],
						"4.75": [
							41.38783,
							19.31221,
							26.96454
						]
					},
					"scale": 3
				},
				"stick": {
					"rotation": {
						"1.0": [
							0,
							0,
							0
						],
						"1.25": [
							0,
							0,
							0
						],
						"1.5": [
							0,
							0,
							0
						],
						"1.6667": [
							2.5,
							0,
							0
						],
						"2.0": [
							0,
							0,
							0
						]
					},
					"position": {
						"1.0": [
							0,
							0,
							0
						],
						"1.25": [
							0,
							0,
							-7
						],
						"1.5": [
							0,
							0,
							-19
						],
						"1.75": [
							0,
							-0.08724,
							-20.9981
						],
						"2.0": [
							0,
							0.61,
							-21.4
						],
						"2.25": [
							0.1,
							0.71,
							-9.4
						],
						"2.5": [
							0.1,
							0.71,
							-3.4
						],
						"3.0": [
							0.1,
							0.71,
							-18.4
						],
						"3.25": [
							0.1,
							0.71,
							-9.4
						],
						"3.5": [
							0.1,
							0.71,
							-3.4
						],
						"3.75": [
							0.1,
							0.71,
							-18.4
						],
						"4.0": [
							0,
							0,
							-20
						],
						"4.25": [
							0,
							0,
							0
						]
					}
				}
			}
		},
		"animation.fv_musket.third_person_empty": {
			"loop": true,
			"bones": {
				"rightItem": {
					"position": [
						0,
						30,
						-3
					]
				},
				"gun": {
					"rotation": [
						0,
						0,
						0
					],
					"position": [
						0,
						-7,
						7
					]
				}
			}
		},
		"animation.fv_musket.reloading_third_person": {
			"animation_length": 4.75,
			"bones": {
				"gun": {
					"rotation": {
						"0.0": [
							-7.5,
							25,
							-10
						],
						"0.25": [
							-7.5,
							-5,
							-10
						],
						"0.5417": [
							-7.5,
							-5,
							-10
						],
						"0.75": [
							-20,
							2.5,
							-10
						],
						"1.0": [
							-32.5,
							-2.5,
							-15
						],
						"1.625": [
							-32.5,
							-2.5,
							-15
						],
						"2.0": [
							-35,
							-7.5,
							-15
						],
						"4.25": [
							-35,
							-7.5,
							-15
						],
						"4.375": [
							-12.5,
							-7.5,
							-60
						],
						"4.75": [
							0,
							0,
							0
						]
					},
					"position": {
						"0.0": [
							2.97899,
							-0.98596,
							-1.02041
						],
						"0.25": [
							0.03682,
							-1.50896,
							-1.28147
						],
						"0.5417": [
							0.04,
							-1.51,
							-1.28
						],
						"0.625": [
							-0.1473,
							-1.94064,
							1.68302
						],
						"0.75": [
							0.51952,
							-5.91803,
							1.05804
						],
						"1.0": [
							1.86568,
							-7.66802,
							0.86986
						],
						"1.625": [
							2.13432,
							-8.07198,
							2.81014
						],
						"4.25": [
							2.13,
							-8.07,
							2.81
						],
						"4.375": [
							1.23747,
							-4.31848,
							7.05027
						],
						"4.75": [
							0,
							0,
							0
						]
					}
				},
				"stick": {
					"rotation": {
						"0.0": [
							0,
							0,
							0
						],
						"1.625": [
							0,
							0,
							0
						]
					},
					"position": {
						"0.0": [
							0,
							0,
							0
						],
						"1.625": [
							0,
							0,
							0
						],
						"1.875": [
							0,
							0,
							-9
						],
						"2.0": [
							0,
							0,
							-17
						],
						"2.25": [
							0,
							0.7,
							-18
						],
						"2.9167": [
							0,
							0.7,
							-13
						],
						"3.0": [
							0,
							0.7,
							-15
						],
						"3.25": [
							0,
							0.7,
							-18
						],
						"3.6667": [
							0,
							0.7,
							-13
						],
						"3.8333": [
							0,
							0.7,
							-18
						],
						"4.0": [
							0,
							0,
							-17
						],
						"4.25": [
							0,
							0,
							0
						]
					}
				}
			}
		},
		"animation.fv_musket.first_person_aim": {
			"loop": "hold_on_last_frame",
			"animation_length": 0.75,
			"bones": {
				"rightItem": {
					"rotation": [
						0,
						0,
						0
					],
					"position": {
						"0.0": [
							-6.61383,
							28.6694,
							2.07912
						],
						"0.25": [
							-6.61383,
							28.6694,
							2.07912
						],
						"0.4583": [
							-0.71324,
							32.9115,
							-11.19546
						],
						"0.5833": [
							-2.05375,
							31.374,
							-11.33849
						],
						"0.75": [
							-4.0036,
							32.36229,
							-10.27684
						]
					}
				},
				"gun": {
					"rotation": {
						"0.0": [
							98.16248,
							64.00077,
							-39.5911
						],
						"0.25": [
							98.16248,
							64.00077,
							-39.5911
						],
						"0.4583": [
							87.84425,
							64.26398,
							-51.051
						],
						"0.5833": [
							86.019,
							63.13723,
							-51.94507
						],
						"0.75": [
							77.75199,
							61.6349,
							-53.13716
						]
					},
					"scale": {
						"0.0": [
							3,
							3,
							3
						],
						"0.25": [
							3,
							3,
							3
						]
					}
				}
			}
		},
		"animation.fv_musket.first_persopn_aim": {
			"loop": "hold_on_last_frame",
			"animation_length": 1,
			"bones": {
				"rightItem": {
					"position": {
						"0.0": [
							-6.61383,
							28.6694,
							2.07912
						],
						"0.25": [
							-6.61383,
							28.6694,
							2.07912
						],
						"0.5": [
							-3.06715,
							33.34206,
							-10.67226
						],
						"0.6667": [
							-2.66173,
							32.25889,
							-9.85481
						],
						"0.75": [
							-2.02204,
							32.85717,
							-9.37476
						],