{
	"format_version": "1.8.0",
	"animations": {
		"animation.iron_spear.move": {
			"loop": true,
			"bones": {
				"rightarm": {
					"rotation": [
						"(query.has_target||query.is_moving)?-61.21099:-62.5",
						"(query.has_target||query.is_moving)?-45.28787:0",
						"(query.has_target||query.is_moving)?33.31546:0"
					]
				},
				"leftarm": {
					"rotation": [
						"(query.has_target||query.is_moving)?-84.72731:0",
						"(query.has_target||query.is_moving)?8.64738:0",
						"(query.has_target||query.is_moving)?-28.83844:0"
					]
				},
				"iron_spear": {
					"rotation": [
						"(query.has_target||query.is_moving)?0:-27.5",
						0,
						0
					],
					"position": [
						0,
						"(query.has_target||query.is_moving)?0:-2.62699",
						"(query.has_target||query.is_moving)?0:0.64804"
					]
				}
			}
		},
		"animation.iron_spear.stand": {
			"loop": true,
			"bones": {
				"rightarm": {
					"rotation": [
						-62.5,
						0,
						0
					]
				},
				"iron_spear": {
					"rotation": [
						-27.5,
						0,
						0
					],
					"position": [
						0,
						-2.62699,
						0.64804
					]
				}
			}
		},
		"animation.iron_spear.attack": {
			"loop": "hold_on_last_frame",
			"animation_length": 0.75,
			"bones": {
				"body": {
					"rotation": {
						"0.0": [
							0,
							0,
							0
						],
						"0.5": [
							0,
							80,
							0
						],
						"0.58": [
							0,
							-32.5,
							0
						],
						"0.75": [
							0,
							0,
							0
						]
					}
				},
				"rightarm": {
					"rotation": {
						"0.0": [
							-45.91785,
							-54.48543,
							19.71017
						],
						"0.21": [
							-32.66375,
							-29.54933,
							38.92616
						],
						"0.5": [
							-45.9822,
							-18.93032,
							67.70262
						],
						"0.58": [
							-61.73013,
							-11.58627,
							69.821
						],
						"0.63": [
							-66.28233,
							-17.23165,
							60.02362
						],
						"0.75": [
							-45.91785,
							-54.48543,
							19.71017
						]
					}
				},
				"leftarm": {
					"rotation": {
						"0.0": [
							-74.72731,
							8.64738,
							-28.83844
						],
						"0.21": [
							-70.81754,
							23.7695,
							7.98205
						],
						"0.5": [
							-72.48435,
							2.38422,
							0.7522
						],
						"0.58": [
							-37.49509,
							-38.42279,
							-23.35946
						],
						"0.75": [
							-74.72731,
							8.64738,
							-28.83844
						]
					}
				},
				"iron_spear": {
					"rotation": {
						"0.0": [
							0,
							0,
							0
						],
						"0.21": [
							-36.69146,
							-16.27014,
							11.79198
						],
						"0.5": [
							-31.49611,
							-14.47067,
							13.47485
						],
						"0.54": [
							33.45166,
							-3.9415,
							15.0506
						],
						"0.58": [
							83.71188,
							-5.12012,
							15.7365
						],
						"0.63": [
							67.77255,
							-3.68649,
							11.33028
						],
						"0.75": [
							0,
							0,
							0
						]
					},
					"position": {
						"0.0": [
							0,
							0,
							0
						],
						"0.21": [
							1.8655,
							2.29443,
							-5.02548
						],
						"0.5": [
							2.68535,
							4.16358,
							-8.49997
						],
						"0.54": [
							-0.56375,
							-1.95138,
							-3.89828
						],
						"0.58": [
							0,
							0,
							0
						]
					}
				}
			}
		},
		"animation.iron_spear.walking": {
			"loop": true,
			"bones": {
				"leftLeg": {
					"rotation": [
						"-variable.tcos0",
						0,
						0
					]
				},
				"rightLeg": {
					"rotation": [
						"variable.tcos0",
						0,
						0
					]
				}
			}
		}
	}
}